customer_id,name,email,country,signup_date
1001,Norma Fisher,ysullivan@yahoo.com,Lesotho,2023-12-20
1002,Susan Wagner,katelynmontgomery@yahoo.com,United States of America,2024-09-16
1003,Dr. Stephanie Collins,thomas15@stewart-bowman.com,Mexico,2024-06-22
1004,Joseph Brown,cortezraymond@garrett.com,Ecuador,2023-10-30
1005,Amy Stark,lindathomas@west.net,Venezuela,2024-07-11
1006,Juan Mann,tamaramorrison@hotmail.com,France,2024-05-03
1007,Robert Stewart,ivan20@zavala.com,Turkey,2023-01-30
1008,Sarah Villanueva,aimee33@hotmail.com,Myanmar,2024-03-24
1009,Joanne Keller,nguyendarrell@hotmail.com,Niue,2023-11-14
1010,Dana Dennis,nathanjackson@cabrera-garcia.com,Timor-Leste,2025-05-30
1011,Robert Walters,martinezjacob@wilson.com,Argentina,2025-01-07
1012,Tyler Lopez,zclark@giles.net,Jamaica,2025-01-31
1013,David Walker,ryan08@yahoo.com,Armenia,2024-12-24
1014,William Gonzalez,kmassey@gmail.com,Qatar,2025-04-21
1015,Randall Kramer,matthewking@morse.biz,United Arab Emirates,2024-11-12
1016,Sylvia Banks,eric07@hotmail.com,Belgium,2023-11-15
1017,Kimberly Taylor,chelsea59@hotmail.com,Timor-Leste,2025-01-31
1018,Eric Goodman,wheelerholly@allen.info,Honduras,2025-04-23
1019,Jennifer Morales,martincaleb@hotmail.com,Cayman Islands,2024-05-05
1020,Katelyn Hoffman,simpsonlarry@williams-carson.biz,Comoros,2024-10-11
1021,Miss Angela Swanson DVM,nstewart@gmail.com,Saint Barthelemy,2022-06-15
1022,Miss Lisa Lee,joshua21@nash-sanders.com,Angola,2023-08-12
1023,Rebecca Wilson,desireeroth@hotmail.com,Guatemala,2022-12-07
1024,Diana Smith,eringrant@mays-browning.com,Tanzania,2025-06-05
1025,Kathleen Schneider,iwatson@gmail.com,Cote d'Ivoire,2024-01-16
1026,Alexa Hernandez,kristine15@hotmail.com,Argentina,2022-08-15
1027,Chase Silva,ihays@yahoo.com,Brazil,2024-06-23
1028,Taylor Parker,richard54@rodriguez-hoffman.info,Lebanon,2023-11-17
1029,Vanessa Cooper,lyonsronald@yahoo.com,Grenada,2025-05-14
1030,Tamara Sims,joneschristopher@hotmail.com,Cyprus,2022-09-15
1031,Brent Hawkins,ymora@hotmail.com,Rwanda,2025-05-02
1032,Bradley Robinson,ryanhoward@gmail.com,Swaziland,2025-06-06
1033,Joseph Goodwin,crawfordjonathan@williams.com,Bosnia and Herzegovina,2023-04-15
1034,Isaiah Wilcox,zhernandez@frazier.com,Syrian Arab Republic,2024-07-25
1035,Miss Shelly Daniels DVM,janice55@warren.org,Slovenia,2023-02-09
1036,Lauren Robbins,marshzachary@gmail.com,Bahrain,2023-05-27
1037,Eric Blake,michelle27@yahoo.com,Macedonia,2024-01-26
1038,Kathryn Berry,nbullock@nichols-george.info,Tanzania,2024-02-05
1039,Cynthia Hancock,yangkevin@scott.com,Sierra Leone,2024-03-06
1040,James Martin,justingreer@mcmahon.biz,Cambodia,2024-07-15
1041,Lindsay Miller,robert97@ellis-garcia.com,Angola,2022-08-01
1042,Brandi Nguyen,patrickfrank@yahoo.com,Bouvet Island (Bouvetoya),2022-09-13
1043,Julie Chen,montesjennifer@yahoo.com,Solomon Islands,2022-12-26
1044,Jasmine Carter,benjaminmyers@sherman-gibson.com,Zimbabwe,2022-08-20
1045,Amanda Scott,jerryfrank@chan.com,Yemen,2022-12-05
1046,Steven Henderson,perrycory@navarro.info,Jersey,2025-05-13
1047,Jonathan Shields,christian11@yahoo.com,Puerto Rico,2022-07-27
1048,Christopher Greer,chad23@harris.com,San Marino,2022-06-23
1049,Michael Cantu,jacobrodriguez@zimmerman-scott.com,Cote d'Ivoire,2023-12-26
1050,Tyler Phillips,brittanymiller@hotmail.com,Morocco,2023-10-03
1051,Steven Bautista,william32@watson-alvarado.com,Nepal,2022-07-13
1052,Michael Anderson,jyang@hotmail.com,Jamaica,2023-09-17
1053,Angela Wallace,bennettalan@hotmail.com,United Arab Emirates,2023-10-23
1054,Jacob Farley,laurahill@jacobs.biz,Colombia,2024-03-28
1055,David Chavez,steven17@phillips.info,Nicaragua,2024-05-29
1056,Edwin Mack,rogerpotter@gmail.com,Philippines,2024-07-24
1057,Crystal Gill,martineznicole@gmail.com,Afghanistan,2023-07-15
1058,Steve Mckinney,francismichael@hotmail.com,United States of America,2023-04-12
1059,Amanda Sparks,david32@gmail.com,Israel,2023-09-05
1060,Chad Mills,jenkinscynthia@figueroa-strong.com,French Guiana,2024-04-29
1061,Mark Moore,dmorales@castro.com,Niue,2024-06-15
1062,Claudia Burns,dpearson@yahoo.com,French Southern Territories,2023-01-19
1063,Amy Howell,thomas08@mcdaniel.biz,Albania,2023-12-25
1064,Marc Key,donaldberry@gmail.com,Bosnia and Herzegovina,2024-04-16
1065,Gary Jackson,thernandez@gmail.com,Mali,2023-10-16
1066,Thomas Wallace,yroman@hotmail.com,Cyprus,2023-04-12
1067,Dan Mckinney,youngchristopher@gmail.com,Haiti,2022-09-08
1068,Megan Hall,bushwilliam@yahoo.com,Sierra Leone,2023-12-12
1069,Anthony Terry,thenry@yahoo.com,Cuba,2023-11-17
1070,Andrew Martin,diamond21@becker-arellano.biz,Micronesia,2023-05-21
1071,Gerald Garcia,marcus75@johnson-williams.com,Belgium,2023-05-03
1072,Haley Hood,larry64@yahoo.com,Guatemala,2023-06-19
1073,Timothy Jones,dhardy@yahoo.com,Lithuania,2024-05-27
1074,Bradley Allen,nhenson@salazar-meyers.net,Saudi Arabia,2024-02-14
1075,Christopher Burns,sarah56@hawkins.org,Mauritania,2023-04-20
1076,Paula Palmer,joseph01@hotmail.com,Slovenia,2022-11-12
1077,Jason Robinson,htrevino@brewer-wilson.org,Guinea-Bissau,2023-06-03
1078,Michele Guerrero,calvinparker@hall-fuller.com,Mozambique,2023-03-05
1079,Alan Wagner,burnettnatalie@gmail.com,Christmas Island,2024-08-12
1080,Brandy Clark DVM,joeanderson@gmail.com,Senegal,2024-01-30
1081,Kevin Fuller,foxmichael@parker-benjamin.net,Palau,2023-02-20
1082,Kathleen Ashley,janet14@gmail.com,Netherlands Antilles,2024-02-26
1083,Samantha Floyd,clarkleslie@hotmail.com,Egypt,2023-11-27
1084,Mary Keller,max24@kelly.com,Saint Martin,2025-02-15
1085,Alex Burton,bradyperez@murphy.biz,Burkina Faso,2023-05-14
1086,Charles Collins,areyes@yahoo.com,Marshall Islands,2024-09-14
1087,Veronica Bush,ortizpeter@mason.net,Tajikistan,2025-06-02
1088,Gary Larsen,sonyafrye@newton.net,Chile,2022-10-11
1089,Sean Garcia,christinawilliams@yahoo.com,Sri Lanka,2024-01-17
1090,Timothy Johnson,kelly27@romero.biz,Guadeloupe,2023-08-05
1091,Terry Smith,xmadden@hotmail.com,Montenegro,2024-10-16
1092,Michael Bryant,dreed@nelson.com,Pitcairn Islands,2025-05-03
1093,Patty Roberts,paul43@knight.com,Myanmar,2025-04-23
1094,Melanie Gomez,meghan09@cunningham.com,French Guiana,2025-02-08
1095,Johnny Powell,aarontaylor@gmail.com,Kenya,2022-12-24
1096,Adam Griffith,chadboyle@yahoo.com,Zambia,2023-03-09
1097,Amy Fowler,rfischer@mitchell-patterson.com,Yemen,2023-07-18
1098,Kristen Branch,amoody@moore.org,Hungary,2023-12-24
1099,Andrew Gaines,coxtina@frazier.com,Nigeria,2025-06-03
1100,Nicholas Wright PhD,sierrahouse@gmail.com,Montenegro,2024-05-08
1101,Miguel Shields,frankmclean@walters-shepard.com,Jordan,2023-12-17
1102,Ann Johnson,james66@rowe-garrett.biz,Qatar,2022-08-10
1103,Heather Carroll,lynn67@hotmail.com,Burkina Faso,2022-08-15
1104,Sean Ward,jenniferpowers@williams-hebert.com,Germany,2024-02-11
1105,Victoria Hubbard,mlambert@gmail.com,Iraq,2023-09-30
1106,Carla Orozco,blairapril@hotmail.com,Portugal,2025-05-30
1107,Tiffany Cooper,castrolisa@mcbride.com,Slovenia,2023-07-19
1108,Joyce Kent,benjaminrichards@hotmail.com,Malawi,2022-08-03
1109,Emily Arroyo,zcarr@boyd-mckinney.com,Lebanon,2024-10-22
1110,Bradley Holmes,garciacathy@hayes.com,Burkina Faso,2023-10-17
1111,Catherine Martinez,bradleybrewer@hotmail.com,Georgia,2024-02-07
1112,Lindsay Bauer,samantha16@alexander.org,Saudi Arabia,2023-07-14
1113,Kristine Lara,anthonylang@gmail.com,Zambia,2024-02-04
1114,Brent Johnson,richardvaughn@morris.info,Lebanon,2022-10-14
1115,Kimberly Morales,wongcody@gmail.com,Grenada,2023-12-20
1116,Kaitlin Johnson,smithmatthew@hotmail.com,Qatar,2023-01-26
1117,Richard Moore,sonya76@perez.com,Greenland,2023-03-03
1118,Heather Martin,kcox@gmail.com,Hungary,2024-11-05
1119,Carla Silva,zoesmith@yahoo.com,Madagascar,2022-06-17
1120,Richard Rodriguez,emilyjames@barnes.com,Rwanda,2023-07-02
1121,Helen Robinson,andersonashlee@yahoo.com,Bhutan,2024-04-12
1122,Danielle James,deannasanders@hotmail.com,Bangladesh,2023-07-09
1123,Dr. Jacqueline Johnson DDS,joshuacarr@yahoo.com,Nigeria,2022-11-24
1124,Sarah Thomas,saundersjessica@yahoo.com,Jersey,2022-11-21
1125,Lindsey Martin,ljenkins@yahoo.com,Serbia,2024-08-02
1126,Jacob Thomas,wmccoy@gmail.com,Congo,2023-07-17
1127,Kevin Phillips,andrea06@brooks-clark.com,Bulgaria,2022-11-30
1128,Carol Jordan,tjones@hotmail.com,Pitcairn Islands,2022-10-10
1129,Kimberly Spencer,jaredperez@taylor.org,Saint Pierre and Miquelon,2023-09-02
1130,Frances Wilson,rachel58@yahoo.com,Marshall Islands,2025-05-26
1131,James Singh,nicoleriddle@yahoo.com,Iceland,2024-06-13
1132,Traci Forbes,dylansilva@bush.com,Nauru,2025-03-08
1133,Kayla Adams,cmiller@wilson.info,Ghana,2022-11-26
1134,Jackie Horton,sandrahoffman@gmail.com,Slovakia (Slovak Republic),2024-08-09
1135,Carol Carey,nfranklin@erickson-sullivan.com,Myanmar,2023-01-06
1136,Carolyn Alexander,fnoble@chapman.info,Armenia,2024-06-26
1137,Debra Romero,obaker@hotmail.com,Haiti,2023-02-14
1138,Lee Rangel,riverstimothy@hotmail.com,Zambia,2024-03-09
1139,Deborah Hall,donald12@shields.net,Congo,2022-06-22
1140,Jared Lyons,velazquezanita@yahoo.com,Tunisia,2022-11-10
1141,Dana Jimenez,jeffrey75@hotmail.com,Vanuatu,2023-11-23
1142,Eric Henderson,jvalencia@gmail.com,France,2023-04-17
1143,Karen Gilmore,patrick21@yahoo.com,Guinea,2024-07-28
1144,Crystal Fletcher,zramirez@hotmail.com,Finland,2022-11-22
1145,Eddie Griffin,juliaspears@yahoo.com,Luxembourg,2023-06-02
1146,James Price,emmashaw@yahoo.com,Djibouti,2023-10-13
1147,April Ruiz,lorireynolds@gmail.com,Montserrat,2022-08-13
1148,Dennis Swanson,whiteholly@hall.com,Hong Kong,2024-09-19
1149,Bruce Jacobs,figueroajames@meyer.biz,Bangladesh,2024-09-23
1150,David Hebert,baguirre@gmail.com,Hong Kong,2022-08-14
1151,Debra Aguilar,erica29@hotmail.com,Bermuda,2023-07-08
1152,Michelle Nelson,nicholasberry@flores.net,Botswana,2025-05-23
1153,Belinda Barry,spencermorgan@yahoo.com,Equatorial Guinea,2024-01-19
1154,Jonathan Wilkins,ewright@johnson-cummings.com,Mexico,2024-03-01
1155,Patricia Walker,thomas23@campbell-valdez.org,Venezuela,2023-01-29
1156,Kelly Miller,shaheric@gmail.com,Grenada,2025-02-01
1157,Pamela Mcdonald,kcrawford@williams-vaughan.com,Tuvalu,2025-05-06
1158,Chelsea Murphy,cynthiawilliamson@hotmail.com,Montenegro,2023-05-09
1159,Amanda Freeman,aaronbrown@gmail.com,Kenya,2025-04-24
1160,Mary Rodriguez,nicole57@hotmail.com,Congo,2023-02-20
1161,Ryan Robbins,ubranch@yahoo.com,Bangladesh,2023-01-25
1162,Brian Moore,nzimmerman@yahoo.com,Romania,2022-08-23
1163,Daniel Nash,cynthiayu@hotmail.com,Burkina Faso,2024-09-13
1164,Katherine James,jacobsjessica@harris.com,Georgia,2022-10-20
1165,Pamela Allen,eric41@west.biz,Hungary,2024-08-07
1166,Crystal Lawrence,moorecourtney@washington.biz,Ghana,2024-01-31
1167,Allison Hamilton,nicolewilson@wright-soto.com,Hungary,2022-12-08
1168,James Pratt,morganandrea@odonnell.com,Greenland,2023-01-11
1169,Zachary Austin,kingdalton@gmail.com,Tokelau,2024-12-08
1170,Andrew Pittman,colin32@alvarado.info,Guernsey,2023-02-12
1171,William Bailey,stevenedwards@hill.com,Belize,2025-04-02
1172,Elizabeth Mccarthy,milleralexis@gmail.com,Chad,2023-08-13
1173,Kayla Reed,perryamanda@yahoo.com,British Virgin Islands,2022-10-14
1174,Julie Nguyen,courtneynunez@yahoo.com,Antigua and Barbuda,2022-07-17
1175,Margaret Adams,tiffany40@hotmail.com,Egypt,2025-05-22
1176,Debbie Brown,ocampbell@yahoo.com,Zambia,2023-10-10
1177,Kim Preston,hbrooks@hall.biz,Antarctica (the territory South of 60 deg S),2023-06-17
1178,Brett White,wsmith@fox-martinez.com,Luxembourg,2023-08-23
1179,Jeffrey Terry,jennadickerson@harris-hernandez.com,Solomon Islands,2023-01-23
1180,William Stephens,michellebowen@acevedo.org,Pitcairn Islands,2023-02-27
1181,Kelly Schroeder,mtyler@jenkins.net,Iceland,2023-05-08
1182,Joseph Garcia,nolanpatricia@nixon.biz,Korea,2025-04-24
1183,Jason Reed,jessica29@gmail.com,Saint Vincent and the Grenadines,2023-05-04
1184,Pamela Brown,twright@taylor.com,Nepal,2023-01-27
1185,Hunter Gallegos,dennis73@hotmail.com,Indonesia,2023-11-21
1186,Jeremiah Alvarez,michael96@yahoo.com,Morocco,2024-02-25
1187,Kathryn Craig,ryanbaker@hicks.net,Saudi Arabia,2024-09-15
1188,Katie Mckenzie,jonathon47@hotmail.com,Mali,2022-09-01
1189,Cheyenne Scott,harrisdakota@werner-harding.com,Wallis and Futuna,2023-03-26
1190,Susan Stanley,craigdiane@gmail.com,Netherlands,2023-02-27
1191,Emily Short,wrodgers@gmail.com,Mozambique,2024-04-12
1192,Melissa Tate,michael36@flores.info,Palestinian Territory,2023-02-01
1193,Kathy Willis,brownphyllis@lucas.com,Macao,2022-10-22
1194,Gary Hendricks,morgandevon@burgess.com,Faroe Islands,2025-03-11
1195,Robert Moore,angelica69@fisher-moore.biz,Seychelles,2022-12-25
1196,Robin Schroeder,robersonjulie@phillips-daniel.biz,Estonia,2023-08-14
1197,Madison Hicks,williamsalexis@beasley.biz,Slovenia,2024-06-28
1198,Emily Weiss,vschneider@williams.com,Australia,2024-12-28
1199,Brandi Simon,isullivan@gmail.com,Samoa,2024-05-04
1200,Brianna Pugh,briannajackson@ray.com,El Salvador,2023-05-06
